Country,iso2c,iso3c,SP.POP.GROW
Afghanistan,AF,AFG,2.30341213305193
Albania,AL,ALB,-0.926918061639398
Algeria,DZ,DZA,1.73080656616175
Angola,AO,AGO,3.19591550765639
Antigua & Barbuda,AG,ATG,0.813607937767102
Argentina,AR,ARG,0.947490959333989
Armenia,AM,ARM,0.165021157387164
Australia,AU,AUS,0.178832417987611
Austria,AT,AUT,0.441053528127571
Azerbaijan,AZ,AZE,0.51477673612851
Bahamas,BS,BHS,0.927917643334912
Bahrain,BH,BHR,2.70820330394115
Bangladesh,BD,BGD,0.975322375425237
Barbados,BB,BRB,0.117201302282177
Belarus,BY,BLR,-0.42347752149173
Belgium,BE,BEL,0.377319900784809
Belize,BZ,BLZ,1.81778782471015
Benin,BJ,BEN,2.66826235050208
Bhutan,BT,BTN,1.06838733262776
Bolivia,BO,BOL,1.36058627516658
Bosnia & Herzegovina,BA,BIH,-0.530419132565884
Botswana,BW,BWA,1.92114970473465
Brazil,BR,BRA,0.672384396316085
Brunei,BN,BRN,0.921264969880013
Bulgaria,BG,BGR,-0.50444185462845
Burkina Faso,BF,BFA,2.80119139837514
Burundi,BI,BDI,3.02056284918733
Cabo Verde,CV,CPV,1.05789665088089
Cambodia,KH,KHM,1.35140736247482
Cameroon,CM,CMR,2.52346070051077
Canada,CA,CAN,0.547707006298006
Central African Republic,CF,CAF,1.85082830372171
Chad,TD,TCD,2.93430541165157
Chile,CL,CHL,0.501731210945706
China,CN,CHN,0.0892522000412526
Colombia,CO,COL,0.749806312672442
Comoros,KM,COM,2.14575386822786
Costa Rica,CR,CRI,0.878306567085204
Croatia,HR,HRV,-3.74237674765796
Cuba,CU,CUB,-0.0805330735642454
Curacao,CW,CUW,-1.6777912474095
Cyprus,CY,CYP,0.679092429661897
Czech Republic / Czechia,CZ,CZE,0.0522211181803704
Democratic Republic of The Congo,CD,COD,3.09642352600909
Denmark,DK,DNK,0.433414489409722
Djibouti,DJ,DJI,1.42651470693391
Dominica,DM,DMA,0.251104784314776
Dominican Republic,DO,DOM,0.970669523545916
East Timor,TL,TLS,1.91064953614854
Ecuador,EC,ECU,1.38140899103827
Egypt,EG,EGY,1.86258211556218
El Salvador,SV,SLV,0.496729089150811
Equatorial Guinea,GQ,GNQ,3.28862715055553
Eritrea,ER,ERI,NA
Estonia,EE,EST,-0.0169253550873438
Eswatini,SZ,SWZ,1.04651135819659
Ethiopia,ET,ETH,2.50197331002513
Fiji,FJ,FJI,0.717487181851701
Finland,FI,FIN,0.21954191181888
France,FR,FRA,0.177099191063048
French Guiana,GF,GUF,NA
Gabon,GA,GAB,2.35776614251335
Gambia,GM,GMB,2.86637560258551
Georgia,GE,GEO,-0.379636607027231
Germany,DE,DEU,-0.037989020083499
Ghana,GH,GHA,2.09921643343319
Greece,GR,GRC,-0.336885796087654
Grenada,GD,GRD,0.439845699231101
Guatemala,GT,GTM,1.4803168061015
Guinea,GN,GIN,2.73726893184663
Guinea Bissau,GW,GNB,2.38455596453892
Guyana,GY,GUY,0.478157888568595
Haiti,HT,HTI,1.21295672991453
Honduras,HN,HND,1.58646313117201
Hungary,HU,HUN,-0.413802518369317
Iceland,IS,ISL,1.57889895080682
India,IN,IND,0.966660959674886
Indonesia,ID,IDN,1.03228496581837
Iran,IR,IRN,1.22566497360769
Iraq,IQ,IRQ,2.3510326269574
Ireland,IE,IRL,0.849943362511361
Israel,IL,ISR,1.6029106693811
Italy,IT,ITA,-0.646839479109187
Ivory Coast,CI,CIV,2.52804005550497
Jamaica,JM,JAM,0.414550936640991
Japan,JP,JPN,-0.459952415807642
Jordan,JO,JOR,0.643627453059963
Kazakhstan,KZ,KAZ,1.30791817342254
Kenya,KE,KEN,2.23333202199775
Kuwait,KW,KWT,1.34876373590382
Kyrgyzstan,KG,KGZ,1.72219321916994
Laos,LA,LAO,1.41664067043824
Latvia,LV,LVA,-0.913789514311347
Lebanon,LB,LBN,-0.828142802249599
Lesotho,LS,LSO,0.781857177224739
Liberia,LR,LBR,2.39379229295907
Libya,LY,LBY,1.26179698763469
Liechtenstein,LI,LIE,0.306319046708542
Lithuania,LT,LTU,0.0155987096319475
Luxemborg,LU,LUX,1.36293168602864
Madagascar,MG,MDG,2.62429751115524
Malawi,MW,MWI,2.67038849605396
Malaysia,MY,MYS,1.25940624006456
Maldives,MV,MDV,0.567813347057597
Mali,ML,MLI,2.94324650521476
Malta,MT,MLT,0.297810433430012
Mauritania,MR,MRT,2.66229116701455
Mauritius,MU,MUS,0.0252784581486637
Mexico,MX,MEX,1.02585219436564
Moldova,MD,MDA,-1.7930094470707
Monaco,MC,MCO,0.700830657852281
Mongolia,MN,MNG,1.54341100674543
Montenegro,ME,MNE,-0.18252428185257
Morocco,MA,MAR,1.16956954361151
Mozambique,MZ,MOZ,2.8624841604369
Myanmar,MM,MMR,0.72557580360979
Namibia,NA,NAM,1.8107220978544
Nepal,NP,NPL,1.82999900040487
Netherlands,NL,NLD,0.525549456310375
New Zealand,NZ,NZL,0.634500013694567
Nicaragua,NI,NIC,1.16794891482839
Niger,NE,NER,3.7467772978966
Nigeria,NG,NGA,2.52018574964785
North Korea,KP,PRK,0.418961992745777
North Macedonia,MK,MKD,-0.359578821721077
Norway,NO,NOR,0.534772281874925
Oman,OM,OMN,2.26058072714604
Pakistan,PK,PAK,1.93131882333006
Panama,PA,PAN,1.53665174614508
Papua New Guinea,PG,PNG,1.9039398924888
Paraguay,PY,PRY,1.21392184813006
Peru,PE,PER,1.16860255316618
Philippines,PH,PHL,1.32879471462686
Poland,PL,POL,-0.311960753470552
Portugal,PT,PRT,0.0227417236448834
Qatar,QA,QAT,1.70229646419473
Republic of the Congo,CG,COG,2.48645731192864
Romania,RO,ROU,-0.742062870100068
Russia,RU,RUS,-0.436200432159658
Rwanda,RW,RWA,2.47304828028797
Sao Tome and Principe,ST,STP,1.89961081868689
Saudi Arabia,SA,SAU,1.50189239379077
Senegal,SN,SEN,2.66589050828054
Serbia,RS,SRB,-0.80109841046929
Seychelles,SC,SYC,0.748748843677374
Sierra Leone,SL,SLE,2.03946335994037
Singapore,SG,SGP,-4.17033630017526
Slovakia,SK,SVK,-0.212358807611049
Slovenia,SI,SVN,0.217987051763587
Solomon Islands,SB,SLB,2.46145611048306
Somalia,SO,SOM,2.89162280892118
South Africa,ZA,ZAF,1.22884124473499
South Korea,KR,KOR,-0.176408650734229
South Sudan,SS,SSD,1.66247123573081
Spain,ES,ESP,-0.0775836112011224
Sri Lanka,LK,LKA,1.07544995696428
St Vincent and the Grenadines,VC,VCT,0.289808317465969
St. Kitts and Nevis,KN,KNA,0.66330884583932
St. Lucia,LC,LCA,0.419531631828931
Sudan,SD,SDN,2.38879876590215
Suriname,SR,SUR,0.876424444467452
Sweden,SE,SWE,0.600591532839468
Switzerland,CH,CHE,0.705679609423582
Syria,SY,SYR,4.33341043837905
Taiwan,TW,TWN,NA
Tajikistan,TJ,TJK,2.19825376342481
Tanzania,TZ,TZA,2.91068377891586
Thailand,TH,THA,0.215907221792678
Togo,TG,TGO,2.38126964606445
Trinidad & Tobago,TT,TTO,0.277073814411024
Tunisia,TN,TUN,0.986318647952428
Turkey,TR,TUR,0.830872072054955
Turkmenistan,TM,TKM,1.42804539227258
Uganda,UG,UGA,2.97774642522728
Ukraine,UA,UKR,-0.721959167586963
United Arab Emirates,AE,ARE,1.01284054825236
United Kingdom,GB,GBR,0.36540988736334
United States of America,US,USA,0.118380497121458
Uruguay,UY,URY,0.328357779040245
Uzbekistan,UZ,UZB,1.97570606573325
Venezuela,VE,VEN,0.941553368577582
Vietnam,VN,VNM,0.84932942683803
Yemen,YE,YEM,2.20402950210106
Zambia,ZM,ZMB,2.87759604614072
Zimbabwe,ZW,ZWE,1.53061409146706
